{
  "version": "1.008",
  "name": "custom.remote.python.apigee",
  "metricGroup": "tech.Apigee",
  "type": "python",
  "requiredAgentVersion": "1.90",
  "entity": "CUSTOM_DEVICE",
  "processTypeNames": ["PYTHON"],
  "technologies": ["Apigee Edge"],
  "favicon": "https://s3.eu-west-2.amazonaws.com/dynatrace-extensions/apigee.png",
  "source": {
    "package": "custom_apigee_plugin_remote",
    "className": "CustomApigeePluginRemote",
    "install_requires": ["requests>=2.6.0"],
    "activation": "Remote"
  },
  "metrics": [
    {
	  "entity": "CUSTOM_DEVICE",
      "timeseries": {
        "key": "proxy_message_count",
        "unit": "Count",
        "dimensions": ["Proxy"],
        "displayname": "Apigee - Proxy traffic"
      }
    },
    {
	  "entity": "CUSTOM_DEVICE",
      "timeseries": {
        "key": "proxy_tps",
        "unit": "PerSecond",
        "dimensions": ["Proxy"],
        "displayname": "Apigee - Proxy throughput"
      },
        "alert_settings": [
            {
                "alert_id": "proxy_tps",
                "event_type": "PERFORMANCE_EVENT",
                "event_name": "Proxy throughput",
                "description": "{entityname} proxy throughput is {alert_condition} {threshold}",
                "threshold": 10.0,
                "default_state": "inactive",
                "alert_condition": "BELOW",
                "samples":3,
                "violating_samples":1,
                "dealerting_samples":3
            }
        ]
    },
    {
	  "entity": "CUSTOM_DEVICE",
      "timeseries": {
        "key": "proxy_errors",
        "unit": "Count",
        "dimensions": ["Proxy"],
        "displayname": "Apigee - Proxy errors"
      },
        "alert_settings": [
            {
                "alert_id": "proxy_errors",
                "event_type": "PERFORMANCE_EVENT",
                "event_name": "Proxy errors",
                "description": "{entityname} proxy responded with errors. Number of errors is {alert_condition} {threshold}",
                "threshold": 1.0,
                "default_state": "inactive",
                "alert_condition": "ABOVE",
                "samples":3,
                "violating_samples":1,
                "dealerting_samples":3
            }
        ]
    },
    {
	  "entity": "CUSTOM_DEVICE",
      "timeseries": {
        "key": "proxy_cache_hit",
        "unit": "Count",
        "dimensions": ["Proxy"],
        "displayname": "Apigee - Proxy cache hits"
      }
    },
    {
	  "entity": "CUSTOM_DEVICE",
      "timeseries": {
        "key": "proxy_target_errors",
        "unit": "Count",
        "dimensions": ["Proxy"],
        "displayname": "Apigee - Proxy target errors"
      }
    },
    {
	  "entity": "CUSTOM_DEVICE",
      "timeseries": {
        "key": "proxy_total_response_time",
        "unit": "MilliSecond",
        "dimensions": ["Proxy"],
        "displayname": "Apigee - Proxy total response time"
      },
        "alert_settings": [
            {
                "alert_id": "proxy_resp_time",
                "event_type": "PERFORMANCE_EVENT",
                "event_name": "Proxy response time",
                "description": "{entityname} proxy response time is {alert_condition} {threshold}",
                "threshold": 2000.0,
                "default_state": "inactive",
                "alert_condition": "ABOVE",
                "samples":3,
                "violating_samples":1,
                "dealerting_samples":3
            }
        ]
    },
    {
	  "entity": "CUSTOM_DEVICE",
      "timeseries": {
        "key": "proxy_target_response_time",
        "unit": "MilliSecond",
        "dimensions": ["Proxy"],
        "displayname": "Apigee - Proxy target response time"
      }
    },
    {
	  "entity": "CUSTOM_DEVICE",
      "timeseries": {
        "key": "proxy_request_size",
        "unit": "Byte",
        "dimensions": ["Proxy"],
        "displayname": "Apigee - Proxy request size"
      }
    },
    {
	  "entity": "CUSTOM_DEVICE",
      "timeseries": {
        "key": "proxy_response_size",
        "unit": "Byte",
        "dimensions": ["Proxy"],
        "displayname": "Apigee - Proxy response size"
      }
    },
    {
	  "entity": "CUSTOM_DEVICE",
      "timeseries": {
        "key": "proxy_request_processing_latency",
        "unit": "MilliSecond",
        "dimensions": ["Proxy"],
        "displayname": "Apigee - Proxy request processing latency"
      },
        "alert_settings": [
            {
                "alert_id": "proxy_req_latency",
                "event_type": "PERFORMANCE_EVENT",
                "event_name": "Proxy request latency",
                "description": "{entityname} proxy request latency time is {alert_condition} {threshold}",
                "threshold": 2000.0,
                "default_state": "inactive",
                "alert_condition": "ABOVE",
                "samples":3,
                "violating_samples":1,
                "dealerting_samples":3
            }
        ]
    },
    {
	  "entity": "CUSTOM_DEVICE",
      "timeseries": {
        "key": "proxy_response_processing_latency",
        "unit": "MilliSecond",
        "dimensions": ["Proxy"],
        "displayname": "Apigee - Proxy response processing latency"
      },
        "alert_settings": [
            {
                "alert_id": "proxy_resp_latency",
                "event_type": "PERFORMANCE_EVENT",
                "event_name": "Proxy response latency",
                "description": "{entityname} proxy response latency time is {alert_condition} {threshold}",
                "threshold": 2000.0,
                "default_state": "inactive",
                "alert_condition": "ABOVE",
                "samples":3,
                "violating_samples":1,
                "dealerting_samples":3
            }
        ]
    },
    {
	  "entity": "CUSTOM_DEVICE",
      "timeseries": {
        "key": "target_message_count",
        "unit": "Count",
        "dimensions": ["Target"],
        "displayname": "Apigee - Target traffic"
      }
    },
    {
	  "entity": "CUSTOM_DEVICE",
      "timeseries": {
        "key": "target_tps",
        "unit": "PerSecond",
        "dimensions": ["Target"],
        "displayname": "Apigee - Target throughput"
      }
    },
    {
	  "entity": "CUSTOM_DEVICE",
      "timeseries": {
        "key": "target_errors",
        "unit": "Count",
        "dimensions": ["Target"],
        "displayname": "Apigee - Target errors"
      }
    },
    {
	  "entity": "CUSTOM_DEVICE",
      "timeseries": {
        "key": "target_response_time",
        "unit": "MilliSecond",
        "dimensions": ["Target"],
        "displayname": "Apigee - Target response time"
      }
    },
    {
	  "entity": "CUSTOM_DEVICE",
      "timeseries": {
        "key": "target_request_size",
        "unit": "Byte",
        "dimensions": ["Target"],
        "displayname": "Apigee - Target request size"
      }
    },
    {
	  "entity": "CUSTOM_DEVICE",
      "timeseries": {
        "key": "target_response_size",
        "unit": "Byte",
        "dimensions": ["Target"],
        "displayname": "Apigee - Target response size"
      }
    },
    {
	  "entity": "CUSTOM_DEVICE",
      "timeseries": {
        "key": "target_request_processing_latency",
        "unit": "MilliSecond",
        "dimensions": ["Target"],
        "displayname": "Apigee - Target request processing latency"
      }
    },
    {
	  "entity": "CUSTOM_DEVICE",
      "timeseries": {
        "key": "target_response_processing_latency",
        "unit": "MilliSecond",
        "dimensions": ["Target"],
        "displayname": "Apigee - Target response processing latency"
      }
    }
  ],
  "ui": {
		"keymetrics" : [
            {
                "key": "proxy_tps",
                "mergeaggregation" : "avg",
                "displayname": "Proxy throughput"
            },
            {
                "key": "proxy_total_response_time",
                "mergeaggregation" : "avg",
                "displayname": "Total response time"
            }
		],
		"keycharts": [
			{
				"group": "API Proxy",
				"title": "Throughput",
				"series": [
					{
						"key": "proxy_tps",
                        "displayname": "Per second",
                        "seriestype": "line"
					}
				]
			},
            {
				"group": "API Proxy",
				"title": "Traffic",
				"series": [
					{
						"key": "proxy_message_count",
                        "displayname": "Messages",
                        "seriestype": "bar",
                        "color": "#c8f0ff"
					},
                    {
						"key": "proxy_errors",
                        "displayname": "Proxy errors",
                        "seriestype": "line",
                        "color": "#b55a00"
					},
                    {
						"key": "target_errors",
                        "displayname": "Target errors",
                        "seriestype": "line",
                        "color": "#ffa264"
					}
				]
			},
            {
				"group": "API Proxy",
				"title": "Total response time",
				"series": [
					{
						"key": "proxy_total_response_time",
                        "displayname": "Total",
                        "seriestype": "line"
					},
                    {
						"key": "proxy_target_response_time",
                        "displayname": "Proxy targets",
                        "seriestype": "line",
                        "color": "#00ff00"
					}
				]
			},
            {
				"group": "API Proxy",
				"title": "Data transfer",
				"series": [
					{
						"key": "proxy_request_size",
                        "displayname": "Proxy request",
                        "seriestype": "line"
					},
                    {
						"key": "proxy_response_size",
                        "displayname": "Target responses",
                        "seriestype": "line",
                        "color": "#00ff00"
					}
				]
			},
            {
				"group": "API Proxy",
				"title": "Processing latency",
				"series": [
					{
						"key": "proxy_request_processing_latency",
                        "displayname": "Request",
                        "seriestype": "line"
					},
                    {
						"key": "proxy_response_processing_latency",
                        "displayname": "Response",
                        "seriestype": "line",
                        "color": "#00ff00"
					}
				]
			},
            {
				"group": "API Proxy",
				"title": "Cache hits",
				"series": [
					{
						"key": "proxy_cache_hit",
                        "displayname": "Total",
                        "seriestype": "line"
					}
				]
			},
            {
				"group": "Targets",
				"title": "Throughput",
				"series": [
					{
						"key": "target_tps",
                        "displayname": "Per second",
                        "seriestype": "line"
					}
				]
			},
            {
				"group": "Targets",
				"title": "Traffic",
				"series": [
					{
						"key": "target_message_count",
                        "displayname": "Messages",
                        "seriestype": "bar",
                        "color": "#c8f0ff"
					},
                    {
						"key": "target_errors",
                        "displayname": "Target errors",
                        "seriestype": "line",
                        "color": "#ff0000"
					}
				]
			},
            {
				"group": "Targets",
				"title": "Response time",
				"series": [
                    {
						"key": "target_response_time",
                        "displayname": "Time",
                        "seriestype": "line"
					}
				]
			},
            {
				"group": "Targets",
				"title": "Data transfer",
				"series": [
					{
						"key": "target_request_size",
                        "displayname": "Request size",
                        "seriestype": "line"
					},
                    {
						"key": "target_response_size",
                        "displayname": "Response size",
                        "seriestype": "line",
                        "color": "#00ff00"
					}
				]
			},
            {
				"group": "Targets",
				"title": "Processing latency",
				"series": [
					{
						"key": "target_request_processing_latency",
                        "displayname": "Request",
                        "color": "#ffa264"
					},
                    {
						"key": "target_response_processing_latency",
                        "displayname": "Response"
					}
				]
			}
        ],
        "charts": [
            {
                "group": "API Proxy",
                "title": "Throughput",
				"series": [
					{
                        "key": "proxy_tps",
                        "displayname": "Count per sec",
                        "seriestype": "line"
                    }
				]
            },
            {
				"group": "API Proxy",
				"title": "Messages",
				"series": [
					{
						"key": "proxy_message_count",
                        "displayname": "Traffic",
                        "seriestype": "bar",
                        "color": "#c8f0ff"
					},
                    {
						"key": "proxy_cache_hit",
                        "displayname": "Cache hit",
                        "seriestype": "line",
                        "color": "#00ff00"
					},
                    {
						"key": "proxy_errors",
                        "displayname": "Proxy errors",
                        "seriestype": "line",
                        "color": "#b55a00"
					},
                    {
						"key": "proxy_target_errors",
                        "displayname": "Target errors",
                        "seriestype": "line",
                        "color": "#ffa264"
					}
				]
			},
            {
				"group": "API Proxy",
				"title": "Total response time",
				"series": [
					{
						"key": "proxy_total_response_time",
                        "displayname": "Total",
                        "seriestype": "line"
					},
                    {
						"key": "proxy_target_response_time",
                        "displayname": "Target",
                        "seriestype": "line",
                        "color": "#00ff00"
					}
				]
			},
            {
				"group": "API Proxy",
				"title": "Data transfer",
				"series": [
					{
						"key": "proxy_request_size",
                        "displayname": "Request",
                        "seriestype": "line"
					},
                    {
						"key": "proxy_response_size",
                        "displayname": "Response",
                        "seriestype": "line",
                        "color": "#00ff00"
					}
				]
			},
            {
				"group": "API Proxy",
				"title": "Processing latency",
				"series": [
					{
						"key": "proxy_request_processing_latency",
                        "displayname": "Request",
                        "seriestype": "area",
                        "color": "#ffa264"
					},
                    {
						"key": "proxy_response_processing_latency",
                        "displayname": "Response",
                        "seriestype": "area"
					}
				]
			},
            {
				"group": "Target",
				"title": "Throughput",
				"series": [
					{
						"key": "target_tps",
                        "displayname": "Per second"
					}
				]
			},
            {
				"group": "Target",
				"title": "Traffic",
				"series": [
					{
						"key": "target_message_count",
                        "displayname": "Messages",
                        "seriestype": "bar",
                        "color": "#c8f0ff"
					},
                    {
						"key": "target_errors",
                        "displayname": "Target errors",
                        "seriestype": "line",
                        "color": "#ffa264"
					}
				]
			},
            {
				"group": "Target",
				"title": "Response time",
				"series": [
                    {
						"key": "target_response_time",
                        "displayname": "Time",
                        "seriestype": "line"
					}
				]
			},
            {
				"group": "Target",
				"title": "Data transfer",
				"series": [
					{
						"key": "target_request_size",
                        "displayname": "Request size",
                        "seriestype": "line"
					},
                    {
						"key": "target_response_size",
                        "displayname": "Response size",
                        "seriestype": "line",
                        "color": "#00ff00"
					}
				]
			},
            {
				"group": "Target",
				"title": "Processing latency",
				"series": [
					{
						"key": "target_request_processing_latency",
                        "displayname": "Request",
                        "seriestype": "area",
                        "color": "#ffa264"
					},
                    {
						"key": "target_response_processing_latency",
                        "displayname": "Response",
                        "seriestype": "area"
					}
				]
			}
        ]
    },
  "configUI": {
    "displayName": "Apigee Edge Cloud",
	  "properties" : [
			{ "key" : "user", "displayName": "User", "displayOrder": 1, "displayHint": "Username or e-mail" },
			{ "key" : "password", "displayName": "Password", "displayOrder": 2, "displayHint": "" },
			{ "key" : "auth_method", "displayName": "Authentication method", "displayOrder": 3, "displayHint": "" },
			{ "key" : "oauth_url", "displayName": "OAuth token URL", "displayOrder": 4, "displayHint": "If using OAuth, this is the default URL to get the token" },
			{ "key" : "saml_zone", "displayName": "SAML zone", "displayOrder": 5, "displayHint": "If SAML is selected, enter the zone name. Otherwise leave blank" },
			{ "key" : "org", "displayName": "Apigee account organization", "displayOrder": 6, "displayHint": "my_org" },
			{ "key" : "env", "displayName": "Environment", "displayOrder": 7, "displayHint": "Your environment name: prod, test" },
			{ "key" : "proxies", "displayName": "Comma-separated API Proxies (Up to 100)", "displayOrder": 8, "displayHint": "Leave blank for all proxies up to 100, or, enter specific proxy names" },
			{ "key" : "sort_by", "displayName": "Top 100 by", "displayOrder": 9, "displayHint": "" },
			{ "key" : "wait_time", "displayName": "Processing delay in minutes", "displayOrder": 10, "displayHint": "Apigee has a processing delay for its performance data. If you see no data, it may not be ready yet on Apigee. Adjust that delay period here" },
            { "key" : "http_proxy_host", "displayName": "HTTP Proxy Host:Port", "displayOrder": 11, "displayHint": "If you use a proxy to communicate externally, enter the host:port" },
            { "key" : "http_proxy_user", "displayName": "HTTP Proxy User", "displayOrder": 12, "displayHint": "If using Basic Auth to HTTP proxy, enter the username" },
            { "key" : "http_proxy_password", "displayName": "HTTP Proxy Password", "displayOrder": 13, "displayHint": "If using Basic Auth to HTTP proxy, enter the password" },
			{ "key" : "debug", "displayName": "Output debug", "displayOrder": 14 },
            { "key" : "group", "displayName": "Name of group", "displayOrder": 15, "displayHint": "Name of group" }
		]
  },
  "properties": [
    {
      "key": "user",
      "type": "String"
    },
    {
      "key": "password",
      "type": "Password"
    },
	{
      "key": "org",
      "type": "String"
    },
    {
      "key": "env",
      "type": "String"
    },
    {
      "key": "proxies",
      "type": "Textarea"
    },
    {
      "key": "debug",
      "type": "Boolean"
    },
	{
      "key": "group",
      "type": "String"
    },
    {
      "key": "http_proxy_host",
      "type": "String"
    },
    {
      "key": "http_proxy_user",
      "type": "String"
    },
    {
      "key": "http_proxy_password",
      "type": "Password"
    },
    {
      "key": "sort_by",
      "type": "Dropdown",
      "dropdownValues": ["Slowest response time", "Hightest message count", "Highest proxy errors","Highest throughput","Highest latency"]
    },
    {
      "key": "auth_method",
      "type": "Dropdown",
      "dropdownValues": ["Basic", "OAuth2", "SAML(Requires a machine user)"]
    },
    {
      "key": "wait_time",
      "type": "Dropdown",
      "dropdownValues": ["8", "9", "10", "11", "12", "13", "14", "15", "16", "17", "18", "19", "20"],
      "defaultValue": "10"
    },
    {
      "key": "saml_zone",
      "type": "String"
    },
    {
      "key": "oauth_url",
      "type": "String",
      "defaultValue": "https://login.apigee.com/oauth/token"
    }
  ]
}
