{
  "name": "custom.remote.python.wmi",
  "metricGroup": "custom.remote.python.wmi",
  "version": "1.039",
  "experimentalMinVersion" : "1.020",
  "productiveMinVersion" : "1.028",
  "type": "python",
  "requiredAgentVersion": "1.101.0",
  "processTypeNames": ["PYTHON"],
  "entity": "CUSTOM_DEVICE",
  "technologies": ["Windows Server"],
  "favicon": "https://s3.eu-west-2.amazonaws.com/dynatrace-extensions/wmi.png",
  "source": {
    "package": "wmi_plugin",
    "className": "WMI_Class",
    "install_requires": ["wmi==1.4.9", "pywin32==224", "pythonnet==2.3.0"],
    "activation": "Remote"
  },
  "metrics": [
    {
      "timeseries": {
        "key": "CPULoad",
        "unit": "Percent",
        "displayname": "WMI - CPU load"
      },
        "alert_settings": [
            {
                    "alert_id": "wmi_cpu_load",
                    "event_type": "PERFORMANCE_EVENT",
                    "event_name": "High CPU usage",
                    "description": "The {metricname} of {entityname} is {severity}",
                    "threshold": 95.0,
                    "default_state": "active",
                    "alert_condition": "ABOVE",
                    "samples":3,
                    "violating_samples":3,
                    "dealerting_samples":3
            }
        ]
    },
    {
      "timeseries": {
        "key": "MemoryUtilization",
        "unit": "Percent",
        "displayname": "WMI - Memory utilization"
      },
        "alert_settings": [
            {
                    "alert_id": "wmi_mem_util",
                    "event_type": "PERFORMANCE_EVENT",
                    "event_name": "High memory utilization",
                    "description": "The {metricname} of {entityname} is {severity}",
                    "threshold": 95.0,
                    "default_state": "active",
                    "alert_condition": "ABOVE",
                    "samples":3,
                    "violating_samples":1,
                    "dealerting_samples":3
            }
        ]
    },
    {
      "timeseries": {
        "key": "Availability",
        "unit": "Percent",
        "displayname": "WMI - Availability"
      },
        "alert_settings": [
            {
                    "alert_id": "wmi_srv_avail",
                    "event_type": "AVAILABILITY_EVENT",
                    "event_name": "Server not available",
                    "description": "The {metricname} of {entityname} is {severity}",
                    "threshold": 99.0,
                    "default_state": "active",
                    "alert_condition": "BELOW",
                    "samples":3,
                    "violating_samples":1,
                    "dealerting_samples":3
            }
        ]
    },
    {
      "timeseries": {
        "key": "ProcessAvailability",
        "unit": "Percent",
        "displayname": "WMI - Process - Availability",
        "dimensions": ["Process"]
      },
        "alert_settings": [
            {
                    "alert_id": "wmi_proc_avail",
                    "event_type": "AVAILABILITY_EVENT",
                    "event_name": "Process not running",
                    "description": "The {metricname} of {entityname} is {severity}",
                    "threshold": 99.0,
                    "default_state": "active",
                    "alert_condition": "BELOW",
                    "samples":3,
                    "violating_samples":3,
                    "dealerting_samples":3
            }
        ]
    },
    {
      "timeseries": {
        "key": "ProcessCPULoad",
        "unit": "Percent",
        "displayname": "WMI - Process - CPU load",
        "dimensions": ["Process"]
      }
    },
    {
      "timeseries": {
        "key": "ProcessMemoryUsage",
        "unit": "Byte",
        "displayname": "WMI - Process - Memory usage",
        "dimensions": ["Process"]
      }
    },
    {
      "timeseries": {
        "key": "ProcessThreadCount",
        "unit": "Count",
        "displayname": "WMI - Process - Thread count",
        "dimensions": ["Process"]
      }
    },
    {
      "timeseries": {
        "key": "ProcessPageFaults",
        "unit": "PerSecond",
        "displayname": "WMI - Process - Page faults",
        "dimensions": ["Process"]
      }
    },
    {
      "timeseries": {
        "key": "ProcessIORead",
        "unit": "BytePerSecond",
        "displayname": "WMI - Process - IO read",
        "dimensions": ["Process"]
      }
    },
    {
      "timeseries": {
        "key": "ProcessIOWrite",
        "unit": "BytePerSecond",
        "displayname": "WMI - Process - IO write",
        "dimensions": ["Process"]
      }
    },
    {
      "timeseries": {
        "key": "NetworkBandwidth",
        "unit": "BytePerSecond",
        "displayname": "WMI - Network - Bandwidth",
        "dimensions": ["Interface"]
      }
    },
    {
      "timeseries": {
        "key": "NetworkSent",
        "unit": "BytePerSecond",
        "displayname": "WMI - Network - Sent",
        "dimensions": ["Interface"]
      }
    },
    {
      "timeseries": {
        "key": "NetworkReceived",
        "unit": "BytePerSecond",
        "displayname": "WMI - Network - Received",
        "dimensions": ["Interface"]
      }
    },
    {
      "timeseries": {
        "key": "NetworkSentDiscarded",
        "unit": "Count",
        "displayname": "WMI - Network - Sent discarded",
        "dimensions": ["Interface"]
      }
    },
    {
      "timeseries": {
        "key": "NetworkSentErrors",
        "unit": "Count",
        "displayname": "WMI - Network - Sent errors",
        "dimensions": ["Interface"]
      }
    },
    {
      "timeseries": {
        "key": "NetworkReceivedDiscarded",
        "unit": "Count",
        "displayname": "WMI - Network - Received discarded",
        "dimensions": ["Interface"]
      }
    },
    {
      "timeseries": {
        "key": "NetworkReceivedErrors",
        "unit": "Count",
        "displayname": "WMI - Network - Received errors",
        "dimensions": ["Interface"]
      }
    },
    {
      "timeseries": {
        "key": "NetworkOutputQueueLength",
        "unit": "Count",
        "displayname": "WMI - Network - Output queue length",
        "dimensions": ["Interface"]
      }
    },
    {
      "timeseries": {
        "key": "DiskPercentFreeSpace",
        "unit": "Percent",
        "displayname": "WMI - Disk - Percent free space",
        "dimensions": ["LogicalDisk"]
      },
        "alert_settings": [
            {
                    "alert_id": "wmi_free_disk",
                    "event_type": "ERROR_EVENT",
                    "event_name": "Low disk space",
                    "description": "The {metricname} of {entityname} is {severity}",
                    "threshold": 5.0,
                    "default_state": "active",
                    "alert_condition": "BELOW",
                    "samples":3,
                    "violating_samples":1,
                    "dealerting_samples":3
            }
        ]
    },
    {
      "timeseries": {
        "key": "DiskFree",
        "unit": "MegaByte",
        "displayname": "WMI - Disk - Free",
        "dimensions": ["LogicalDisk"]
      }
    },
    {
      "timeseries": {
        "key": "DiskWriteLatency",
        "unit": "MilliSecond",
        "displayname": "WMI - Disk - Write latency",
        "dimensions": ["LogicalDisk"]
      }
    },
    {
      "timeseries": {
        "key": "DiskReadLatency",
        "unit": "MilliSecond",
        "displayname": "WMI - Disk - Read latency",
        "dimensions": ["LogicalDisk"]
      }
    },
    {
      "timeseries": {
        "key": "DiskReadQueueLength",
        "unit": "Count",
        "displayname": "WMI - Disk - Read queue length",
        "dimensions": ["LogicalDisk"]
      }
    },
    {
      "timeseries": {
        "key": "DiskWriteQueueLength",
        "unit": "Count",
        "displayname": "WMI - Disk - Write queue length",
        "dimensions": ["LogicalDisk"]
      }
    },
    {
      "timeseries": {
        "key": "DiskRead",
        "unit": "BytePerSecond",
        "displayname": "WMI - Disk - Read",
        "dimensions": ["LogicalDisk"]
      }
    },
    {
      "timeseries": {
        "key": "DiskWrite",
        "unit": "BytePerSecond",
        "displayname": "WMI - Disk - Write",
        "dimensions": ["LogicalDisk"]
      }
    }
  ],
	"ui": {
		"keymetrics" : [
			{
				"key": "CPULoad",
				"displayname": "CPU load"
			},
			{
				"key": "MemoryUtilization",
				"displayname": "Memory Utilization"
			}
		],
		"keycharts": [
			{
				"group": "Server",
				"title": "CPU Load",
				"series": [
					{
						"key": "CPULoad",
                        "displayname": "CPU load"
					}
				]
			},
			{
				"group": "Server",
				"title": "Memory utilization",
				"series": [
					{
						"key": "MemoryUtilization",
                        "displayname": "Memory utilization"
					}
				]
			},
			{
				"group": "Server",
				"title": "Availability",
				"series": [
					{
						"key": "Availability",
                        "displayname": "Availability"
					}
				]
			},
			{
				"group": "Network",
				"title": "Usage",
				"series": [
					{
						"key": "NetworkSent",
                        "displayname": "Transmitted",
                        "mergeaggregation": "sum",
                        "color": "#00ba00",
                        "seriestype": "line"
					},
					{
						"key": "NetworkReceived",
                        "displayname": "Received",
                        "mergeaggregation": "sum",
                        "color": "#0000ba",
                        "seriestype": "line"
					}
				]
			},
			{
				"group": "Network",
				"title": "Discarded",
				"series": [
					{
						"key": "NetworkSentDiscarded",
                        "displayname": "Transmitted",
                        "mergeaggregation": "sum",
                        "color": "#00ba00",
                        "seriestype": "line"
					},
					{
						"key": "NetworkReceivedDiscarded",
                        "displayname": "Received",
                        "mergeaggregation": "sum",
                        "color": "#0000ba",
                        "seriestype": "line"
					}
				]
			},
			{
				"group": "Network",
				"title": "Errors",
				"series": [
					{
						"key": "NetworkSentErrors",
                        "displayname": "Transmitted",
                        "mergeaggregation": "sum",
                        "color": "#00ba00",
                        "seriestype": "line"
					},
					{
						"key": "NetworkReceivedErrors",
                        "displayname": "Received",
                        "mergeaggregation": "sum",
                        "color": "#0000ba",
                        "seriestype": "line"
					}
				]
			},
			{
				"group": "Network",
				"title": "Output queue length",
				"series": [
					{
						"key": "NetworkOutputQueueLength",
                        "displayname": "Queue",
                        "mergeaggregation": "sum"
					}
				]
			},
			{
				"group": "Process",
				"title": "Monitored processes",
				"series": [
					{
						"key": "ProcessAvailability",
                        "displayname": "Availability",
                        "mergeaggregation": "avg"
					}
                ]
			},
			{
				"group": "Disk",
				"title": "Latency",
				"series": [
					{
						"key": "DiskWriteLatency",
                        "displayname": "Write",
                        "color": "#00ba00",
                        "seriestype": "line"
					},
					{
						"key": "DiskReadLatency",
                        "displayname": "Read",
                        "color": "#0000ba",
                        "seriestype": "line"
					}
				]
			},
			{
				"group": "Disk",
				"title": "Queue length",
				"series": [
					{
						"key": "DiskWriteQueueLength",
                        "displayname": "Write",
                        "color": "#00ba00",
                        "seriestype": "line"
					},
					{
						"key": "DiskReadQueueLength",
                        "displayname": "Read",
                        "color": "#0000ba",
                        "seriestype": "line"
					}
				]
			},
			{
				"group": "Disk",
				"title": "Throughput",
				"series": [
					{
						"key": "DiskWrite",
                        "displayname": "Write/sec",
                        "mergeaggregation": "sum",
                        "color": "#00ba00",
                        "seriestype": "line"
					},
					{
						"key": "DiskRead",
                        "displayname": "Read/sec",
                        "mergeaggregation": "sum",
                        "color": "#0000ba",
                        "seriestype": "line"
					}
				]
			}
        ],
		"charts": [
			{
				"group": "Disk",
				"title": "Throughput",
				"series": [
					{
						"key": "DiskWrite",
                        "displayname": "Write",
                        "color": "#00ba00",
                        "seriestype": "line"
					},
					{
						"key": "DiskRead",
                        "displayname": "Read",
                        "color": "#0000ba",
                        "seriestype": "line"
					}
				]
			},
			{
				"group": "Disk",
				"title": "Latency",
				"series": [
					{
						"key": "DiskWriteLatency",
                        "displayname": "Write",
                        "color": "#00ba00",
                        "seriestype": "line"
					},
					{
						"key": "DiskReadLatency",
                        "displayname": "Read",
                        "color": "#0000ba",
                        "seriestype": "line"
					}
				]
			},
			{
				"group": "Disk",
				"title": "Queue length",
				"series": [
					{
						"key": "DiskWriteQueueLength",
                        "displayname": "Write",
                        "color": "#00ba00",
                        "seriestype": "line"
					},
					{
						"key": "DiskReadQueueLength",
                        "displayname": "Read",
                        "color": "#0000ba",
                        "seriestype": "line"
					}
				]
			},
			{
				"group": "Disk",
				"title": "Free space",
				"series": [
					{
						"key": "DiskFree",
                        "displayname": "Free"
					}
				]
			},
			{
				"group": "Disk",
				"title": "Free space (%)",
				"series": [
					{
						"key": "DiskPercentFreeSpace",
                        "displayname": "Percent"
					}
				]
			},
			{
				"group": "Network",
				"title": "Usage",
				"series": [
					{
						"key": "NetworkSent",
                        "displayname": "Transmitted",
                        "color": "#00ba00",
                        "seriestype": "line"
					},
					{
						"key": "NetworkReceived",
                        "displayname": "Received",
                        "color": "#0000ba",
                        "seriestype": "line"
					}
				]
			},
			{
				"group": "Network",
				"title": "Bandwidth",
				"series": [
					{
						"key": "NetworkBandwidth",
                        "displayname": "Bandwidth"
					}
				]
			},
			{
				"group": "Network",
				"title": "Discarded",
				"series": [
					{
						"key": "NetworkSentDiscarded",
                        "displayname": "Transmitted",
                        "color": "#00ba00",
                        "seriestype": "line"
					},
					{
						"key": "NetworkReceivedDiscarded",
                        "displayname": "Received",
                        "color": "#0000ba",
                        "seriestype": "line"
					}
				]
			},
			{
				"group": "Network",
				"title": "Errors",
				"series": [
					{
						"key": "NetworkSentErrors",
                        "displayname": "Transmitted",
                        "color": "#00ba00",
                        "seriestype": "line"
					},
					{
						"key": "NetworkReceivedErrors",
                        "displayname": "Received",
                        "color": "#0000ba",
                        "seriestype": "line"
					}
				]
			},
			{
				"group": "Network",
				"title": "Output queue length",
				"series": [
					{
						"key": "NetworkOutputQueueLength",
                        "displayname": "Queue"
					}
				]
			},
			{
				"group": "Process",
				"title": "Available",
				"series": [
					{
						"key": "ProcessAvailability",
                        "displayname": "Percent"
					}
                ]
			},
			{
				"group": "Process",
				"title": "CPU Load",
				"series": [
					{
						"key": "ProcessCPULoad",
                        "displayname": "Percent"
					}
				]
			},
			{
				"group": "Process",
				"title": "Memory",
				"series": [
					{
						"key": "ProcessMemoryUsage",
                        "displayname": "Usage"
					}
				]
			},
			{
				"group": "Process",
				"title": "Threads",
				"series": [
					{
						"key": "ProcessThreadCount",
                        "displayname": "Count"
					}
				]
			},
			{
				"group": "Process",
				"title": "Page Faults",
				"series": [
					{
						"key": "ProcessPageFaults",
                        "displayname": "Count"
					}
				]
			},
			{
				"group": "Process",
				"title": "IO usage",
				"series": [
					{
						"key": "ProcessIOWrite",
                        "displayname": "Write/sec",
                        "color": "#00ba00",
                        "seriestype": "line"
					},
					{
						"key": "ProcessIORead",
                        "displayname": "Read/sec",
                        "color": "#0000ba",
                        "seriestype": "line"
					}
				]
			}
        ]
	},
	"properties": [
		{
			"key": "auth_user",
			"type": "String"
		},
		{
			"key": "auth_password",
			"type": "Password"
		},
		{
			"key": "host_name",
			"type": "String"
		},
		{
			"key": "processes",
			"type": "Textarea"
		},
		{
			"key": "log_files",
			"type": "Textarea"
		},
		{
			"key": "debug",
			"type": "Boolean"
		},
		{
			"key": "group",
			"type": "String"
		}
	],
	"configUI" :{
		"displayName": "WMI",
		"properties" : [
			{ "key" : "auth_user", "displayName": "Username", "displayOrder": 1, "displayHint": "" },
			{ "key" : "auth_password", "displayName": "Password", "displayOrder": 2, "displayHint": "" },
			{ "key" : "host_name", "displayName": "Hostname/IP of the windows server", "displayOrder": 3, "displayHint": "" },
			{ "key" : "processes", "displayName": "Comma seperated list of the processes to monitor", "displayOrder": 4, "displayHint": "firefox,notepad++" },
			{ "key" : "log_files", "displayName": "Comma seperated list of the event viewer log files to monitor for errors", "displayOrder": 5, "displayHint": "Security,System" },
			{ "key" : "debug", "displayName": "Enable debug logging", "displayOrder": 6},
			{ "key" : "group", "displayName": "Name of the group", "displayOrder": 7, "displayHint": "Used for grouping servers" }
		]
	}
}
