{
  "version": "1.7.3",
  "name": "custom.python.TibcoEMS",
  "metricGroup": "tech.Tibco",
  "type": "python",
  "entity": "PROCESS_GROUP_INSTANCE",
  "source": {
    "package": "tibcoEMS",
    "className": "tibcoEMS",
    "activation": "SnapshotEntry",
	"activation_name_pattern": "Tibco\\sEMS"
  },
  "configUI" :{
    "displayName": "TibcoEMS",
    "properties" : [
      { "key" : "auth_user", "displayName": "User", "displayOrder": 1 },
      { "key" : "auth_password", "displayName": "Password", "displayOrder": 2 },
	  { "key" : "secure", "displayName" : "Secure connection", "displayOrder" : 3 },
      { "key" : "excl_queues", "displayName": "Queue patterns to ignore (comma separated)", "displayOrder": 4 },
      { "key" : "excl_topics", "displayName": "Topic patterns to ignore (comma separated)", "displayOrder": 5 }

	]
  },
  "properties" : [
    {
      "key" : "auth_user",
      "type" :  "String"
    },
    {
      "key" : "auth_password",
      "type" :  "Password"
    },
	{
	  "key" : "secure",
	  "type" : "Dropdown",
      "defaultValue":"No",
      "dropdownValues":["No","Yes"]	
		
	},
    {
      "key" : "excl_queues",
      "type" :  "String",
	  "defaultValue" : ""
    },
    {
      "key" : "excl_topics",
      "type" :  "String",
	  "defaultValue" : ""
    }
  ],
	"metrics": 
	[
    {"timeseries": {"key": "EMS2.QueueDepth", "unit": "Count", "dimensions": ["queue", "server"],"displayname": "Queue Depth"}},
    {"timeseries": {"key": "EMS2.QueueMsgSize", "unit": "KiloByte", "dimensions": ["queue", "server"],"displayname": "Queue pending message size"}},
    {"timeseries": {"key": "EMS2.QueueReceivers", "unit": "Count", "dimensions": ["queue", "server"],"displayname": "Queue receiver count"}},
    {"timeseries": {"key": "EMS2.QueueInboundMsgRate", "unit": "PerSecond", "dimensions": ["queue", "server"],"displayname": "Queue inbound message rate"}},
    {"timeseries": {"key": "EMS2.QueueInboundMsgSizeRate", "unit": "KiloBytePerSecond", "dimensions": ["queue", "server"],"displayname": "Queue inbound message size rate"}},
    {"timeseries": {"key": "EMS2.QueueOutboundMsgRate", "unit": "PerSecond", "dimensions": ["queue", "server"],"displayname": "Queue outbound message rate"}},
    {"timeseries": {"key": "EMS2.QueueOutboundMsgSizeRate", "unit": "KiloBytePerSecond", "dimensions": ["queue", "server"],"displayname": "Queue outbound message size rate"}},
    {"timeseries": {"key": "EMS2.TopicMsgDepth", "unit": "Count", "dimensions": ["topic", "server"],"displayname": "Topic message depth"}},
    {"timeseries": {"key": "EMS2.TopicMsgSize", "unit": "KiloByte", "dimensions": ["topic", "server"],"displayname": "Topic message Size"}},
    {"timeseries": {"key": "EMS2.TopicInboundMsgRate", "unit": "PerSecond", "dimensions": ["topic", "server"],"displayname": "Topic inbound message rate"}},
    {"timeseries": {"key": "EMS2.TopicInboundMsgSizeRate", "unit": "KiloBytePerSecond", "dimensions": ["topic", "server"],"displayname": "Topic inbound message size rate"}},
    {"timeseries": {"key": "EMS2.TopicOutboundMsgRate", "unit": "PerSecond", "dimensions": ["topic", "server"],"displayname": "Topic outbound message rate"}},
    {"timeseries": {"key": "EMS2.TopicOutboundMsgSizeRate", "unit": "KiloBytePerSecond", "dimensions": ["topic", "server"],"displayname": "Topic outbound message size rate"}},


    {"timeseries": {"key": "EMS2.BrokerTopicCount", "unit": "Count", "dimensions": ["instance"], "displayname": "Topics count"}},
	{"timeseries": {"key": "EMS2.BrokerQueueCount", "unit": "Count", "dimensions": ["instance"], "displayname": "Queues count"}},
	{"timeseries": {"key": "EMS2.BrokerClientCount", "unit": "Count", "dimensions": ["instance"], "displayname": "Clients count"}},
	{"timeseries": {"key": "EMS2.BrokerSessionCount", "unit": "Count", "dimensions": ["instance"], "displayname": "Sessions count"}},
	{"timeseries": {"key": "EMS2.BrokerProducerCount", "unit": "Count", "dimensions": ["instance"], "displayname": "Producers count"}},
	{"timeseries": {"key": "EMS2.BrokerConsumerCount", "unit": "Count", "dimensions": ["instance"], "displayname": "Consumers count"}},
	{"timeseries": {"key": "EMS2.BrokerPendingMsgCount", "unit": "Count", "dimensions": ["instance"], "displayname": "Pending messages count"}},	
	{"timeseries": {"key": "EMS2.BrokerPendingMsgSize", "unit": "KiloByte", "dimensions": ["instance"], "displayname": "Pending messages size"}},
	{"timeseries": {"key": "EMS2.BrokerMemoryUsage", "unit": "Percent", "dimensions": ["instance"], "displayname": "Memory usage"}},
	{"timeseries": {"key": "EMS2.BrokerMemoryPooled", "unit": "KiloByte", "dimensions": ["instance"], "displayname": "Memory pooled"}},
	{"timeseries": {"key": "EMS2.BrokerSynchronousStorage", "unit": "KiloByte", "dimensions": ["instance"], "displayname": "Synchronous storage"}},
	{"timeseries": {"key": "EMS2.BrokerAsyncStorage", "unit": "KiloByte", "dimensions": ["instance"], "displayname": "Async storage"}},
	{"timeseries": {"key": "EMS2.BrokerInboundMsgSizeRate", "unit": "KiloBytePerSecond", "dimensions": ["instance"], "displayname": "Inbound message size rate"}},
	{"timeseries": {"key": "EMS2.BrokerInboundMsgCountRate", "unit": "PerSecond", "dimensions": ["instance"], "displayname": "Inbound message count rate"}},
	{"timeseries": {"key": "EMS2.BrokerOutboundMsgSizeRate", "unit": "KiloBytePerSecond", "dimensions": ["instance"], "displayname": "Outbound message size rate"}},
	{"timeseries": {"key": "EMS2.BrokerOutboundMsgCountRate", "unit": "PerSecond", "dimensions": ["instance"], "displayname": "Outbound message count rate"}},
	{"timeseries": {"key": "EMS2.BrokerStorageReadSizeRate", "unit": "KiloBytePerSecond", "dimensions": ["instance"], "displayname": "Storage read size rate"}},
	{"timeseries": {"key": "EMS2.BrokerStorageReadCountRate", "unit": "PerSecond", "dimensions": ["instance"],  "displayname": "Storage read count rate"}},
	{"timeseries": {"key": "EMS2.BrokerStorageWriteSizeRate", "unit": "KiloBytePerSecond", "dimensions": ["instance"], "displayname": "Storage write size rate"}},
	{"timeseries": {"key": "EMS2.BrokerStorageWriteCountRate", "unit": "PerSecond", "dimensions": ["instance"], "displayname": "Storage write count rate"}},
	
	{"statetimeseries": {"key": "node_status", "dimensions": ["instance"], "displayname":"Instance status","states": ["active", "active-paused", "active-replicating", "active-standalone", "active-synchronizing", "down", "standby-paused", "standby-replicating", "standby-synchronizing", "wait-for-peer"]}}
	
	
  ],
"ui" : {
 "keymetrics" : [
                        {
                        "key" : "EMS2.BrokerInboundMsgCountRate",
                        "aggregation" : "avg",
                        "displayname" : "Inbound Message rate"
                        },
                        {
                        "key" : "EMS2.BrokerOutboundMsgCountRate",
                        "aggregation" : "avg",
                        "displayname" : "Outbound Message rate"
                        }
                ],	
  "keycharts" : [ 
			{
		        "group": "Tibco EMS",
		        "title": "Instance state",
		        "series": [
		          {
		            "key": "node_status",
		            "displayname": "Instance status",
		            "seriestype": "bar",
		            "statecolors": ["#00f000", "#f0f000", "#82d8f9", "#42d8f9", "#00d8f9", "#dc172a", "#82d8f9", "#42d8f9", "#00d8f9", "#888888"],
		            "statechart": true
		          }
		        ]
		      }	,
	
	
			{
				"group" : "Tibco EMS",
				"title" : "Topics",
				"series" : [
				      {
				            "key" : "EMS2.BrokerTopicCount",
				            "displayname" : "Topic count",
 							"mergeaggregation" : "sum",
				            "seriestype" : "bar"
				      }
					]
			},
			{
				"group" : "Tibco EMS",
				"title" : "Queues",
				"series" : [								
				      {
				            "key" : "EMS2.BrokerQueueCount",
				            "displayname" : "Queue count",
 							"mergeaggregation" : "sum",
				            "seriestype" : "bar"
				      }
					]
			},
			{
				"group" : "Tibco EMS",
				"title" : "Clients",
				"series" : [
				      {
				            "key" : "EMS2.BrokerClientCount",
				            "displayname" : "Client count",
 							"mergeaggregation" : "sum",
				            "seriestype" : "bar"
				      }
					]
			},
			{
				"group" : "Tibco EMS",
				"title" : "Sessions",
				"series" : [								
				      {
				            "key" : "EMS2.BrokerSessionCount",
				            "displayname" : "Session count",
 							"mergeaggregation" : "sum",
				            "seriestype" : "bar"
				      }
					]
			},
			{
				"group" : "Tibco EMS",
				"title" : "Producers",
				"series" : [								
				      {
				            "key" : "EMS2.BrokerProducerCount",
				            "displayname" : "Producer count",
 							"mergeaggregation" : "sum",
				            "seriestype" : "bar"
				      }
					]
			},
			{
				"group" : "Tibco EMS",
				"title" : "Consumers",
				"series" : [								
				      {
				            "key" : "EMS2.BrokerConsumerCount",
				            "displayname" : "Consumer count",
 							"mergeaggregation" : "sum",
				            "seriestype" : "bar"
				      }
					]
			},
			{
				"group" : "Tibco EMS",
				"title" : "Pending messages",
				"series" : [								
				      {
				            "key" : "EMS2.BrokerPendingMsgCount",
				            "displayname" : "Message count",
 							"mergeaggregation" : "sum",
				            "seriestype" : "bar"
				      },
				      {
				            "key" : "EMS2.BrokerPendingMsgSize",
				            "displayname" : "Message size",
 							"mergeaggregation" : "sum",
				            "seriestype" : "area",
							"rightaxis" : true
				      }

					]
			},
			{
				"group" : "Tibco EMS",
				"title" : "Memory",
				"series" : [								
				      {
				            "key" : "EMS2.BrokerMemoryUsage",
				            "displayname" : "Memory usage",
				            "seriestype" : "bar"
				      },
				      {
				            "key" : "EMS2.BrokerMemoryPooled",
				            "displayname" : "Memory pooled",
				            "seriestype" : "area",
							"rightaxis" : true
				      }
					]
			},
			{
				"group" : "Tibco EMS",
				"title" : "Synchronous storage",
				"series" : [								
				      {
				            "key" : "EMS2.BrokerSynchronousStorage",
				            "displayname" : "Synchronous storage",
 							"mergeaggregation" : "sum",
				            "seriestype" : "bar"
				      }
					]
			},
			{
				"group" : "Tibco EMS",
				"title" : "Async storage",
				"series" : [								
				      {
				            "key" : "EMS2.BrokerAsyncStorage",
				            "displayname" : "Async storage",
 							"mergeaggregation" : "sum",
				            "seriestype" : "bar"
				      }
					]
			},
			{
				"group" : "Tibco EMS",
				"title" : "Inbound messages",
				"series" : [								
				      {
				            "key" : "EMS2.BrokerInboundMsgSizeRate",
				            "displayname" : "Message size rate",
 							"mergeaggregation" : "sum",
				            "seriestype" : "bar"
				      },
				      {
				            "key" : "EMS2.BrokerInboundMsgCountRate",
				            "displayname" : "Message rate",
 							"mergeaggregation" : "sum",
				            "seriestype" : "area",
							"rightaxis" : true
				      }

					]
			},
			{
				"group" : "Tibco EMS",
				"title" : "Outbound messages",
				"series" : [								
				      {
				            "key" : "EMS2.BrokerOutboundMsgSizeRate",
				            "displayname" : "Message size rate",
 							"mergeaggregation" : "sum",
				            "seriestype" : "bar"
				      },
				      {
				            "key" : "EMS2.BrokerOutboundMsgCountRate",
				            "displayname" : "Message rate",
 							"mergeaggregation" : "sum",
				            "seriestype" : "area",
							"rightaxis" : true
				      }
					]
			},
			{
				"group" : "Tibco EMS",
				"title" : "Storage read",
				"series" : [								
				      {
				            "key" : "EMS2.BrokerStorageReadSizeRate",
				            "displayname" : "Size rate",
 							"mergeaggregation" : "sum",
				            "seriestype" : "bar"
				      },
				      {
				            "key" : "EMS2.BrokerStorageReadCountRate",
				            "displayname" : "Count rate",
 							"mergeaggregation" : "sum",
				            "seriestype" : "area",
							"rightaxis" : true
				      }

					]
			},
			{
				"group" : "Tibco EMS",
				"title" : "Storage write",
				"series" : [								
				      {
				            "key" : "EMS2.BrokerStorageWriteSizeRate",
				            "displayname" : "Size rate",
 							"mergeaggregation" : "sum",
				            "seriestype" : "bar"
				      },
				      {
				            "key" : "EMS2.BrokerStorageWriteCountRate",
				            "displayname" : "Count rate",
 							"mergeaggregation" : "sum",
				            "seriestype" : "area",
							"rightaxis" : true
				      }

					]
			}
		],
	
  "charts" : [
      {
        "group" : "EMS_QUEUES",
        "title" : "Inbound messages",
        "series" : [
          {
            "key": "EMS2.QueueInboundMsgRate",
            "displayname": "Message rate",
            "seriestype": "bar"
          },
          {
            "key": "EMS2.QueueInboundMsgSizeRate",
            "displayname": "Message size rate",
            "seriestype": "area",
			"rightaxis" : true
          }
        ]
      },
      {
        "group" : "EMS_QUEUES",
        "title" : "Outbound messages",
        "series" : [
          {
            "key": "EMS2.QueueOutboundMsgRate",
            "displayname": "Message rate",
            "seriestype": "bar"
          },
          {
            "key": "EMS2.QueueOutboundMsgSizeRate",
            "displayname": "Message size rate",
            "seriestype": "area",
			"rightaxis" : true
          }
		]
	  },	
      {
        "group" : "EMS_QUEUES",
        "title" : "Pending messages",
        "series" : [
          {
            "key" : "EMS2.QueueDepth",
            "displayname" : "Queue depth",
            "seriestype" : "bar"
          },
		  {
            "key": "EMS2.QueueMsgSize",
            "displayname": "Queue total message size",
            "seriestype": "area",
			"rightaxis" : true
          }

        ]
      },
      {
        "group" : "EMS_QUEUES",
        "title" : "Queue receiver count",
        "series" : [
          {
            "key": "EMS2.QueueReceivers",
            "displayname": "Queue receiver count",
            "seriestype": "bar"
          }
        ]
      },  
      {
        "group" : "EMS_TOPICS",
        "title" : "Inbound messages",
        "series" : [
          {
            "key": "EMS2.TopicInboundMsgRate",
            "displayname": "Message rate",
            "seriestype": "bar"
          },
          {
            "key": "EMS2.TopicInboundMsgSizeRate",
            "displayname": "Message size rate",
            "seriestype": "area",
			"rightaxis" : true
          }
        ]
      },
      {
        "group" : "EMS_TOPICS",
        "title" : "Outbound messages",
        "series" : [
          {
            "key": "EMS2.TopicOutboundMsgRate",
            "displayname": "Message rate",
            "seriestype": "bar"
          },
          {
            "key": "EMS2.TopicOutboundMsgSizeRate",
            "displayname": "Message rate size",
            "seriestype": "area",
			"rightaxis" : true
          }
        ]
      },

      {
        "group" : "EMS_TOPICS",
        "title" : "Pending messages",
        "series" : [
          {
            "key" : "EMS2.TopicMsgDepth",
            "displayname" : "Queue depth",
            "seriestype" : "bar"
          },
          {
            "key": "EMS2.TopicMsgSize",
            "displayname": "Total message size",
            "seriestype": "area",
			"rightaxis" : true
          }

        ]
      }
  
	
    ]
  }
}